{"0": 0.005434782608695652, 
"10": 0.003762541806020067, 
"12": 0.004180602006688963, 
"14": 0.9770066889632107, 
"8": 0.002926421404682274, 
"13": 0.004180602006688963, 
"11": 0.002508361204013378}