{"10": 0.003762541806020067, 
"12": 0.004180602006688963, 
"8": 0.32926421404682274, 
"9": 0.02, 
"13": 0.004180602006688963, 
"11": 0.01508361204013378}